1101,11,KABUPATEN SIMEULUE,26.439.724,960.255.738
1102,11,KABUPATEN ACEH SINGKIL,23.589.459,9.787.216
1103,11,KABUPATEN ACEH SELATAN,33.115.056,973.516.558
1104,11,KABUPATEN ACEH TENGGARA,33.088.666,976.982.272
1105,11,KABUPATEN ACEH TIMUR,45.224.111,976.114.217
1106,11,KABUPATEN ACEH TENGAH,44.482.641,968.350.999
1107,11,KABUPATEN ACEH BARAT,44.542.745,961.526.985
1108,11,KABUPATEN ACEH BESAR,54.529.168,954.777.811
1109,11,KABUPATEN PIDIE,50.742.659,95.940.971
1110,11,KABUPATEN BIREUEN,51.086.446,96.663.812
1111,11,KABUPATEN ACEH UTARA,49.786.331,972.221.421
1112,11,KABUPATEN ACEH BARAT DAYA,37.963.426,970.068.393
1113,11,KABUPATEN GAYO LUES,3.955.165,973.516.558
1114,11,KABUPATEN ACEH TAMIANG,42.328.871,980.028.892
1115,11,KABUPATEN NAGAN RAYA,41.248.406,964.929.797
1116,11,KABUPATEN ACEH JAYA,47.873.684,956.457.951
1117,11,KABUPATEN BENER MERIAH,47.513.606,969.525.224
1118,11,KABUPATEN PIDIE JAYA,51.548.063,96.195.132
1171,11,KOTA BANDA ACEH,55.482.904,953.237.559
1172,11,KOTA SABANG,58.926.053,953.237.608
1173,11,KOTA LANGSA,44.725.348,979.756.343
1174,11,KOTA LHOKSEUMAWE,51.811.638,971.413.222
1175,11,KOTA SUBULUSSALAM,27.121.164,979.157.099
1201,12,KABUPATEN NIAS,10.869.444,977.416.703
1202,12,KABUPATEN MANDAILING NATAL,0.7432372,993.673.084
1203,12,KABUPATEN TAPANULI SELATAN,15.774.933,992.785.583
1204,12,KABUPATEN TAPANULI TENGAH,18.493.299,98.704.075
1205,12,KABUPATEN TAPANULI UTARA,20.405.246,991.013.498
1206,12,KABUPATEN TOBA SAMOSIR,23.502.398,992.785.583
1207,12,KABUPATEN LABUHAN BATU,23.439.863,1.001.703.257
1208,12,KABUPATEN ASAHAN,28.174.722,99.634.135
1209,12,KABUPATEN SIMALUNGUN,29.781.612,992.785.583
1210,12,KABUPATEN DAIRI,28.675.801,98.265.058
1211,12,KABUPATEN KARO,31.052.909,98.265.058
1212,12,KABUPATEN DELI SERDANG,34.201.802,98.704.075
1213,12,KABUPATEN LANGKAT,38.653.916,983.088.441
1214,12,KABUPATEN NIAS SELATAN,0.7086091,978.286.368
1215,12,KABUPATEN HUMBANG HASUNDUTAN,21.988.508,985.721.016
1216,12,KABUPATEN PAKPAK BHARAT,25.135.376,982.212.979
1217,12,KABUPATEN SAMOSIR,26.274.431,987.921.836
1218,12,KABUPATEN SERDANG BEDAGAI,33.371.694,990.571.089
1219,12,KABUPATEN BATU BARA,31.740.979,995.006.143
1220,12,KABUPATEN PADANG LAWAS UTARA,15.758.644,99.634.135
1221,12,KABUPATEN PADANG LAWAS,11.186.977,998.124.935
1222,12,KABUPATEN LABUHAN BATU SELATAN,18.799.353,1.001.703.257
1223,12,KABUPATEN LABUHAN BATU UTARA,23.465.638,998.124.935
1224,12,KABUPATEN NIAS UTARA,13.166.036,97.394.882
1225,12,KABUPATEN NIAS BARAT,10.116.383,974.814.163
1271,12,KOTA SIBOLGA,17.368.371,987.851.121
1272,12,KOTA TANJUNG BALAI,29.659.488,997.983.506
1273,12,KOTA PEMATANG SIANTAR,2.970.042,990.681.668
1274,12,KOTA TEBING TINGGI,33.262.879,991.566.855
1275,12,KOTA MEDAN,35.951.956,986.722.227
1276,12,KOTA BINJAI,36.135.482,985.025.286
1277,12,KOTA PADANGSIDIMPUAN,14.437.644,992.563.859
1278,12,KOTA GUNUNGSITOLI,12.804.692,976.146.757
1301,13,KABUPATEN KEPULAUAN MENTAWAI,-1.426.001,989.245.343
1302,13,KABUPATEN PESISIR SELATAN,-17.223.147,1.008.903.099
1303,13,KABUPATEN SOLOK,-0.9643838,1.008.903.099
1304,13,KABUPATEN SIJUNJUNG,-0.6647007,1.010.711.758
1305,13,KABUPATEN TANAH DATAR,-0.4797043,1.005.746.224
1306,13,KABUPATEN PADANG PARIAMAN,-0.5546757,1.002.151.578
1307,13,KABUPATEN AGAM,-0.2209392,1.001.703.257
1308,13,KABUPATEN LIMA PULUH KOTA,0.0734192,1.005.296.115
1309,13,KABUPATEN PASAMAN,0.2209392,1.001.703.257
1310,13,KABUPATEN SOLOK SELATAN,-14.157.329,1.012.523.792
1311,13,KABUPATEN DHARMASRAYA,-11.120.568,1.016.157.773
1312,13,KABUPATEN PASAMAN BARAT,0.2213005,99.634.135
1371,13,KOTA PADANG,-0.9470832,100.417.181
1372,13,KOTA SOLOK,-0.7885335,1.006.549.823
1373,13,KOTA SAWAH LUNTO,-0.6841069,1.007.323.332
1374,13,KOTA PADANG PANJANG,-0.4660955,1.003.984.148
1375,13,KOTA BUKITTINGGI,-0.3039178,100.383.479
1376,13,KOTA PAYAKUMBUH,-0.2246548,1.006.318.006
1377,13,KOTA PARIAMAN,-0.6256517,1.001.233.396
1401,14,KABUPATEN KUANTAN SINGINGI,-0.4411596,1.015.248.055
1402,14,KABUPATEN INDRAGIRI HULU,-0.7361181,1.022.547.919
1403,14,KABUPATEN INDRAGIRI HILIR,-0.1456733,102.989.615
1404,14,KABUPATEN PELALAWAN,0.1460923,1.022.547.919
1405,14,KABUPATEN S I A K,0.8118812,1.017.979.613
1406,14,KABUPATEN KAMPAR,0.146671,1.011.617.356
1407,14,KABUPATEN ROKAN HULU,10.410.934,100.439.656
1408,14,KABUPATEN BENGKALIS,14.139.187,1.016.157.773
1409,14,KABUPATEN ROKAN HILIR,16.463.978,1.008.000.051
1410,14,KABUPATEN KEPULAUAN MERANTI,0.9208765,1.026.675.575
1471,14,KOTA PEKANBARU,0.5070677,1.014.477.793
1473,14,KOTA D U M A I,16.666.349,1.014.001.855
1501,15,KABUPATEN KERINCI,-18.720.467,1.014.339.148
1502,15,KABUPATEN MERANGIN,-21.752.789,1.019.804.613
1503,15,KABUPATEN SAROLANGUN,-23.230.422,1.027.135.121
1504,15,KABUPATEN BATANG HARI,-17.083.922,1.030.817.903
1505,15,KABUPATEN MUARO JAMBI,-1.552.136,1.038.216.261
1506,15,KABUPATEN TANJUNG JABUNG TIMUR,-11.024.367,1.038.216.261
1507,15,KABUPATEN TANJUNG JABUNG BARAT,-1.105.846,1.030.817.903
1508,15,KABUPATEN TEBO,-12.592.999,1.023.463.875
1509,15,KABUPATEN BUNGO,-16.401.338,1.018.891.721
1571,15,KOTA JAMBI,-16.101.229,1.036.131.203
1572,15,KOTA SUNGAI PENUH,-20.634.335,1.013.947.481
1601,16,KABUPATEN OGAN KOMERING ULU,-40.283.486,1.040.072.348
1602,16,KABUPATEN OGAN KOMERING ILIR,-34.559.744,1.052.194.808
1603,16,KABUPATEN MUARA ENIM,-37.114.163,1.040.072.348
1604,16,KABUPATEN LAHAT,-38.008.893,1.033.587.288
1605,16,KABUPATEN MUSI RAWAS,-30.956.537,1.030.817.903
1606,16,KABUPATEN MUSI BANYUASIN,-25.442.029,1.037.289.167
1607,16,KABUPATEN BANYU ASIN,-26.095.639,1.047.520.939
1608,16,KABUPATEN OGAN KOMERING ULU SELATAN,-46.681.951,1.040.072.348
1609,16,KABUPATEN OGAN KOMERING ULU TIMUR,-38.567.934,1.047.520.939
1610,16,KABUPATEN OGAN ILIR,-3.426.544,1.046.121.475
1611,16,KABUPATEN EMPAT LAWANG,-37.286.029,1.028.975.098
1612,16,KABUPATEN PENUKAL ABAB LEMATANG ILIR,-3.239.825,1.040.072.348
1613,16,KABUPATEN MUSI RAWAS UTARA,-2.787.759,1.027.135.121
1671,16,KOTA PALEMBANG,-29.760.735,1.047.754.307
1672,16,KOTA PRABUMULIH,-34.213.707,1.042.436.833
1673,16,KOTA PAGAR ALAM,-40.419.617,1.032.278.845
1674,16,KOTA LUBUKLINGGAU,-32.995.858,102.857.236
1701,17,KABUPATEN BENGKULU SELATAN,-43.248.409,103.035.694
1702,17,KABUPATEN REJANG LEBONG,-34.548.154,1.026.675.575
1703,17,KABUPATEN BENGKULU UTARA,-32.663.246,1.019.804.613
1704,17,KABUPATEN KAUR,-45.215.978,1.032.663.479
1705,17,KABUPATEN SELUMA,-40.499.387,1.027.135.121
1706,17,KABUPATEN MUKOMUKO,-26.449.114,1.014.339.148
1707,17,KABUPATEN LEBONG,-31.455.094,1.022.090.224
1708,17,KABUPATEN KEPAHIANG,-36.130.091,1.026.675.575
1709,17,KABUPATEN BENGKULU TENGAH,-36.962.324,1.023.922.135
1771,17,KOTA BENGKULU,-37.928.451,1.022.607.641
1801,18,KABUPATEN LAMPUNG BARAT,-51.095.293,1.041.466.046
1802,18,KABUPATEN TANGGAMUS,-53.027.489,1.045.655.273
1803,18,KABUPATEN LAMPUNG SELATAN,-55.622.614,1.055.474.373
1804,18,KABUPATEN LAMPUNG TIMUR,-51.134.995,1.056.881.788
1805,18,KABUPATEN LAMPUNG TENGAH,-48.008.086,1.053.131.185
1806,18,KABUPATEN LAMPUNG UTARA,-48.133.905,1.047.520.939
1807,18,KABUPATEN WAY KANAN,-44.963.689,1.045.655.273
1808,18,KABUPATEN TULANGBAWANG,-43.176.576,1.055.005.483
1809,18,KABUPATEN PESAWARAN,-5.493.245,1.050.791.228
1810,18,KABUPATEN PRINGSEWU,-53.331.186,1.049.856.176
1811,18,KABUPATEN MESUJI,-40.044.783,1.053.131.185
1812,18,KABUPATEN TULANG BAWANG BARAT,-45.256.967,1.050.791.228
1813,18,KABUPATEN PESISIR BARAT,-52.928.191,1.041.233.667
1871,18,KOTA BANDAR LAMPUNG,-53.971.396,1.052.667.887
1872,18,KOTA METRO,-51.178.394,1.053.072.646
1901,19,KABUPATEN BANGKA,-1.874.294,10.592.299
1902,19,KABUPATEN BELITUNG,-27.216.743,107.763.621
1903,19,KABUPATEN BANGKA BARAT,-18.405.046,1.055.005.483
1904,19,KABUPATEN BANGKA TENGAH,-24.007.823,1.062.051.484
1905,19,KABUPATEN BANGKA SELATAN,-27.410.513,1.064.405.872
1906,19,KABUPATEN BELITUNG TIMUR,-28.678.037,1.081.428.669
1971,19,KOTA PANGKAL PINANG,-21.316.266,1.061.169.299
2101,21,KABUPATEN KARIMUN,0.7697665,1.034.049.445
2102,21,KABUPATEN BINTAN,10.619.173,1.045.189.214
2103,21,KABUPATEN NATUNA,4,108.25
2104,21,KABUPATEN LINGGA,-0.4726065,1.044.257.533
2105,21,KABUPATEN KEPULAUAN ANAMBAS,31.055.459,1.056.537.231
2171,21,KOTA BATAM,11.300.779,1.040.529.207
2172,21,KOTA TANJUNG PINANG,0.9185504,1.044.665.072
3101,31,KABUPATEN KEPULAUAN SERIBU,-56.122.404,1.066.169.964
3171,31,KOTA JAKARTA SELATAN,-62.614.927,1.068.105.998
3172,31,KOTA JAKARTA TIMUR,-62.250.138,1.069.004.472
3173,31,KOTA JAKARTA PUSAT,-61.805.113,1.068.283.831
3174,31,KOTA JAKARTA BARAT,-61.674.309,1.067.637.239
3175,31,KOTA JAKARTA UTARA,-61.554.057,1.068.926.634
3201,32,KABUPATEN BOGOR,-65.517.758,1.066.291.304
3202,32,KABUPATEN SUKABUMI,-68.649.236,1.069.535.691
3203,32,KABUPATEN CIANJUR,-73.579.773,1.071.957.203
3204,32,KABUPATEN BANDUNG,-71.340.702,1.076.215.321
3205,32,KABUPATEN GARUT,-75.012.204,107.763.621
3206,32,KABUPATEN TASIKMALAYA,-76.513.306,1.081.428.669
3207,32,KABUPATEN CIAMIS,-73.320.773,1.083.492.543
3208,32,KABUPATEN KUNINGAN,-70.138.053,1.085.700.636
3209,32,KABUPATEN CIREBON,-66.898.876,1.084.750.846
3210,32,KABUPATEN MAJALENGKA,-67.790.605,1.082.852.049
3211,32,KABUPATEN SUMEDANG,-6.832.858,1.079.531.836
3212,32,KABUPATEN INDRAMAYU,-633.731,1.083.258.329
3213,32,KABUPATEN SUBANG,-63.487.617,107.763.621
3214,32,KABUPATEN PURWAKARTA,-65.649.241,1.074.321.959
3215,32,KABUPATEN KARAWANG,-63.227.303,1.073.375.791
3216,32,KABUPATEN BEKASI,-6.366.723,1.071.735.638
3217,32,KABUPATEN BANDUNG BARAT,-68.652.214,1.074.919.767
3218,32,KABUPATEN PANGANDARAN,-76.150.611,1.084.988.269
3271,32,KOTA BOGOR,-65.971.469,1.068.060.388
3272,32,KOTA SUKABUMI,-69.277.361,1.069.299.579
3273,32,KOTA BANDUNG,-69.174.639,1.076.191.228
3274,32,KOTA CIREBON,-67.320.229,1.085.523.164
3275,32,KOTA BEKASI,-62.382.699,1.069.755.726
3276,32,KOTA DEPOK,-64.024.844,1.067.942.405
3277,32,KOTA CIMAHI,-68.840.816,1.075.413.039
3278,32,KOTA TASIKMALAYA,-73.505.808,1.082.171.633
3279,32,KOTA BANJAR,-73.706.874,1.085.342.487
3301,33,KABUPATEN CILACAP,-76.982.991,109.023.521
3302,33,KABUPATEN BANYUMAS,-74.832.133,109.140.438
3303,33,KABUPATEN PURBALINGGA,-73.058.578,1.094.259.114
3304,33,KABUPATEN BANJARNEGARA,-73.794.368,1.096.163.185
3305,33,KABUPATEN KEBUMEN,-76.680.559,1.096.524.575
3306,33,KABUPATEN PURWOREJO,-76.964.509,1.099.989.416
3307,33,KABUPATEN WONOSOBO,-73.632.094,1.099.001.796
3308,33,KABUPATEN MAGELANG,-74.305.237,1.102.832.217
3309,33,KABUPATEN BOYOLALI,-74.317.773,1.106.883.536
3310,33,KABUPATEN KLATEN,-7.657.893,1.106.645.683
3311,33,KABUPATEN SUKOHARJO,-76.483.506,1.108.552.919
3312,33,KABUPATEN WONOGIRI,-78.846.484,1.110.460.407
3313,33,KABUPATEN KARANGANYAR,-76.387.228,1.110.460.407
3314,33,KABUPATEN SRAGEN,-743.027,1.110.091.855
3315,33,KABUPATEN GROBOGAN,-71.541.672,1.109.506.636
3316,33,KABUPATEN BLORA,-7.012.244,1.113.798.928
3317,33,KABUPATEN REMBANG,-68.082.115,1.114.275.888
3318,33,KABUPATEN PATI,-67.449.635,1.110.460.407
3319,33,KABUPATEN KUDUS,-67.726.186,1.108.791.343
3320,33,KABUPATEN JEPARA,-6.582.711,1.106.786.933
3321,33,KABUPATEN DEMAK,-69.238.879,1.106.645.683
3322,33,KABUPATEN SEMARANG,-71.764.785,1.104.738.762
3323,33,KABUPATEN TEMANGGUNG,-72.748.721,1.100.891.894
3324,33,KABUPATEN KENDAL,-70.265.442,1.101.879.106
3325,33,KABUPATEN BATANG,-70.392.183,1.099.020.509
3326,33,KABUPATEN PEKALONGAN,-70.517.128,1.096.163.185
3327,33,KABUPATEN PEMALANG,-70.599.422,1.094.259.114
3328,33,KABUPATEN TEGAL,-68.588.473,1.091.047.663
3329,33,KABUPATEN BREBES,-69.591.793,108.902.683
3371,33,KOTA MAGELANG,-74.797.342,1.102.176.941
3372,33,KOTA SURAKARTA,-75.754.887,1.108.243.272
3373,33,KOTA SALATIGA,-73.305.234,1.105.084.366
3374,33,KOTA SEMARANG,-70.051.453,1.104.381.254
3375,33,KOTA PEKALONGAN,-68.898.362,1.096.745.916
3376,33,KOTA TEGAL,-68.797.041,1.091.255.917
3401,34,KABUPATEN KULON PROGO,-78.266.798,1.101.640.846
3402,34,KABUPATEN BANTUL,-79.190.169,1.103.785.438
3403,34,KABUPATEN GUNUNG KIDUL,-80.305.091,1.106.168.921
3404,34,KABUPATEN SLEMAN,-77.325.213,110.402.376
3471,34,KOTA YOGYAKARTA,-77.955.798,1.103.694.896
3501,35,KABUPATEN PACITAN,-8.126.331,1.111.414.226
3502,35,KABUPATEN PONOROGO,-78.650.759,1.114.696.322
3503,35,KABUPATEN TRENGGALEK,-81.824.112,1.116.183.755
3504,35,KABUPATEN TULUNGAGUNG,-8.091.221,1.119.641.728
3505,35,KABUPATEN BLITAR,-80.954.627,1.121.609.056
3506,35,KABUPATEN KEDIRI,-78.232.397,1.121.907.122
3507,35,KABUPATEN MALANG,-8.242.209,1.127.152.125
3508,35,KABUPATEN LUMAJANG,-80.943.571,1.131.441.558
3509,35,KABUPATEN JEMBER,-81.844.859,1.136.680.747
3510,35,KABUPATEN BANYUWANGI,-82.190.944,1.143.691.416
3511,35,KABUPATEN BONDOWOSO,-79.673.906,1.139.060.624
3512,35,KABUPATEN SITUBONDO,-77.888.522,1.141.914.951
3513,35,KABUPATEN PROBOLINGGO,-78.717.562,1.134.776.098
3514,35,KABUPATEN PASURUAN,-77.859.961,112.858.217
3515,35,KABUPATEN SIDOARJO,-74.726.134,1.126.675.398
3516,35,KABUPATEN MOJOKERTO,-74.698.914,1.124.351.068
3517,35,KABUPATEN JOMBANG,-75.740.867,11.228.609
3518,35,KABUPATEN NGANJUK,-75.943.507,1.119.045.541
3519,35,KABUPATEN MADIUN,-76.093.306,1.116.183.755
3520,35,KABUPATEN MAGETAN,-76.433.138,111.356.045
3521,35,KABUPATEN NGAWI,-7.460.987,1.113.321.974
3522,35,KABUPATEN BOJONEGORO,-73.174.629,1.117.614.661
3523,35,KABUPATEN TUBAN,-68.949.099,1.120.416.754
3524,35,KABUPATEN LAMONGAN,-71.269.261,1.123.337.769
3525,35,KABUPATEN GRESIK,-71.550.291,1.125.721.881
3526,35,KABUPATEN BANGKALAN,-7.038.375,1.129.136.695
3527,35,KABUPATEN SAMPANG,-70.402.326,1.132.394.452
3528,35,KABUPATEN PAMEKASAN,-71.050.857,1.135.252.319
3529,35,KABUPATEN SUMENEP,-69.253.999,1.139.060.624
3571,35,KOTA KEDIRI,-78.480.156,1.120.178.286
3572,35,KOTA BLITAR,-80.954.627,1.121.609.056
3573,35,KOTA MALANG,-79.666.204,1.126.326.321
3574,35,KOTA PROBOLINGGO,-77.764.226,1.132.037.131
3575,35,KOTA PASURUAN,-76.469.193,1.128.999.225
3576,35,KOTA MOJOKERTO,-74.704.747,1.124.401.329
3577,35,KOTA MADIUN,-76.310.587,1.115.300.159
3578,35,KOTA SURABAYA,-72.574.719,1.127.520.883
3579,35,KOTA BATU,-78.830.648,1.125.334.492
3601,36,KABUPATEN PANDEGLANG,-67.482.706,1.056.881.788
3602,36,KABUPATEN LEBAK,-65.643.956,1.062.522.143
3603,36,KABUPATEN TANGERANG,-61.870.007,106.487.658
3604,36,KABUPATEN SERANG,-61.397.339,106.040.506
3671,36,KOTA TANGERANG,-61.701.796,1.066.403.236
3672,36,KOTA CILEGON,-60.186.817,1.060.558.218
3673,36,KOTA SERANG,-61.169.309,1.061.538.519
3674,36,KOTA TANGERANG SELATAN,-62.835.218,1.067.112.933
5101,51,KABUPATEN JEMBRANA,-83.233.438,1.146.667.939
5102,51,KABUPATEN TABANAN,-84.595.561,1.150.465.991
5103,51,KABUPATEN BADUNG,-85.819.296,1.151.770.586
5104,51,KABUPATEN GIANYAR,-84.248.244,1.152.600.506
5105,51,KABUPATEN KLUNGKUNG,-8.727.807,1.155.444.231
5106,51,KABUPATEN BANGLI,-82.975.884,1.153.548.713
5107,51,KABUPATEN KARANG ASEM,-83.465.933,1.155.207.358
5108,51,KABUPATEN BULELENG,-82.238.968,1.149.516.869
5171,51,KOTA DENPASAR,-86.704.582,1.152.126.293
5201,52,KABUPATEN LOMBOK BARAT,-86.464.599,1.161.123.078
5202,52,KABUPATEN LOMBOK TENGAH,-8.694.623,1.162.777.073
5203,52,KABUPATEN LOMBOK TIMUR,-85.134.471,1.165.609.857
5204,52,KABUPATEN SUMBAWA,-86.529.334,1.173.616.476
5205,52,KABUPATEN DOMPU,-85.363.958,1.183.461.948
5206,52,KABUPATEN BIMA,-84.353.962,118.626.479
5207,52,KABUPATEN SUMBAWA BARAT,-89.292.907,1.168.910.342
5208,52,KABUPATEN LOMBOK UTARA,-83.739.076,1.162.777.073
5271,52,KOTA MATARAM,-85.970.808,1.161.004.894
5272,52,KOTA BIMA,-84.642.661,1.187.449.028
5301,53,KABUPATEN SUMBA BARAT,-96.548.326,1.193.947.135
5302,53,KABUPATEN SUMBA TIMUR,-99.802.103,1.203.435.506
5303,53,KABUPATEN KUPANG,-99.906.166,1.238.857.747
5304,53,KABUPATEN TIMOR TENGAH SELATAN,-97.762.816,1.244.198.243
5305,53,KABUPATEN TIMOR TENGAH UTARA,-94.522.647,124.597.132
5306,53,KABUPATEN BELU,-91.538.978,124.906.551
5307,53,KABUPATEN ALOR,-82.928.427,1.245.528.387
5308,53,KABUPATEN LEMBATA,-84.719.075,1.234.831.906
5309,53,KABUPATEN FLORES TIMUR,-83.130.942,1.229.663.018
5310,53,KABUPATEN SIKKA,-86.766.175,1.221.291.843
5311,53,KABUPATEN ENDE,-86.762.912,1.217.195.459
5312,53,KABUPATEN NGADA,-87.430.424,1.209.876.321
5313,53,KABUPATEN MANGGARAI,-86.796.987,1.203.896.651
5314,53,KABUPATEN ROTE NDAO,-107.386.421,1.231.239.049
5315,53,KABUPATEN MANGGARAI BARAT,-86.688.149,1.200.665.236
5316,53,KABUPATEN SUMBA TENGAH,-94.879.226,1.196.962.677
5317,53,KABUPATEN SUMBA BARAT DAYA,-9.539.139,1.191.390.642
5318,53,KABUPATEN NAGEKEO,-86.753.545,1.213.084.088
5319,53,KABUPATEN MANGGARAI TIMUR,-86.206.712,1.206.199.895
5320,53,KABUPATEN SABU RAIJUA,-105.541.116,1.218.334.868
5321,53,KABUPATEN MALAKA,-95.308.587,124.906.551
5371,53,KOTA KUPANG,-101.771.997,1.236.070.329
6101,61,KABUPATEN SAMBAS,13.625.191,1.092.831.531
6102,61,KABUPATEN BENGKAYANG,106.911,1.096.639.309
6103,61,KABUPATEN LANDAK,0.4237287,1.097.591.675
6104,61,KABUPATEN MEMPAWAH,0.3897139,109.140.438
6105,61,KABUPATEN SANGGAU,0.1400117,1.105.215.459
6106,61,KABUPATEN KETAPANG,-15.697.615,1.105.215.459
6107,61,KABUPATEN SINTANG,-0.1378068,1.128.105.512
6108,61,KABUPATEN KAPUAS HULU,0.8336697,1.130.011.989
6109,61,KABUPATEN SEKADAU,-0.0697175,1.109.983.515
6110,61,KABUPATEN MELAWI,-0.7000681,1.116.660.725
6111,61,KABUPATEN KAYONG UTARA,-0.9225877,1.100.449.662
6112,61,KABUPATEN KUBU RAYA,-0.3533938,1.094.735.066
6171,61,KOTA PONTIANAK,-0.0263303,1.093.425.039
6172,61,KOTA SINGKAWANG,0.9060204,1.089.872.049
6201,62,KABUPATEN KOTAWARINGIN BARAT,-25.063.419,1.117.614.661
6202,62,KABUPATEN KOTAWARINGIN TIMUR,-21.225.475,1.128.105.512
6203,62,KABUPATEN KAPUAS,-18.116.445,1.143.341.432
6204,62,KABUPATEN BARITO SELATAN,-1.875.943,1.148.092.691
6205,62,KABUPATEN BARITO UTARA,-0.9587136,115.094.045
6206,62,KABUPATEN SUKAMARA,-26.267.517,1.112.368.084
6207,62,KABUPATEN LAMANDAU,-18.526.377,1.112.845.025
6208,62,KABUPATEN SERUYAN,-30.123.467,1.124.291.464
6209,62,KABUPATEN KATINGAN,-0.9758379,1.128.105.512
6210,62,KABUPATEN PULANG PISAU,-26.849.607,1.139.536.466
6211,62,KABUPATEN GUNUNG MAS,-12.522.464,1.135.728.501
6212,62,KABUPATEN BARITO TIMUR,-20.123.999,115.188.916
6213,62,KABUPATEN MURUNG RAYA,-0.1362171,1.143.341.432
6271,62,KOTA PALANGKA RAYA,-22.161.048,113.913.977
6301,63,KABUPATEN TANAH LAUT,-37.694.047,1.148.092.691
6302,63,KABUPATEN KOTA BARU,-30.029.841,1.159.467.997
6303,63,KABUPATEN BANJAR,-33.200.228,1.149.991.464
6304,63,KABUPATEN BARITO KUALA,-30.714.738,1.146.667.939
6305,63,KABUPATEN TAPIN,-29.160.746,1.150.465.991
6306,63,KABUPATEN HULU SUNGAI SELATAN,-27.662.681,1.152.363.408
6307,63,KABUPATEN HULU SUNGAI TENGAH,-26.153.162,1.155.207.358
6308,63,KABUPATEN HULU SUNGAI UTARA,-24.421.225,115.188.916
6309,63,KABUPATEN TABALONG,-1.864.302,1.155.681.084
6310,63,KABUPATEN TANAH BUMBU,-34.512.244,1.155.681.084
6311,63,KABUPATEN BALANGAN,-23.260.425,1.156.154.732
6371,63,KOTA BANJARMASIN,-33.186.067,1.145.943.784
6372,63,KOTA BANJAR BARU,-34.572.422,1.148.103.181
6401,64,KABUPATEN PASER,-17.175.266,1.159.467.997
6402,64,KABUPATEN KUTAI BARAT,-0.4051796,1.158.521.764
6403,64,KABUPATEN KUTAI KARTANEGARA,-0.1336655,1.166.081.653
6404,64,KABUPATEN KUTAI TIMUR,0.9433774,1.169.852.422
6405,64,KABUPATEN BERAU,20.450.883,1.173.616.476
6409,64,KABUPATEN PENAJAM PASER UTARA,-12.917.094,1.165.137.964
6411,64,KABUPATEN MAHAKAM HULU,0.9616678,1.147.142.918
6471,64,KOTA BALIKPAPAN,-12.379.274,1.168.528.526
6472,64,KOTA SAMARINDA,-0.5016166,1.171.264.753
6474,64,KOTA BONTANG,0.120863,1.174.800.445
6501,65,KABUPATEN MALINAU,30.730.929,1.160.413.889
6502,65,KABUPATEN BULUNGAN,29.042.476,1.169.852.422
6503,65,KABUPATEN TANA TIDUNG,3.551.869,1.170.794.082
6504,65,KABUPATEN NUNUKAN,40.809.649,1.166.081.653
6571,65,KOTA TARAKAN,33.273.599,1.175.785.049
7101,71,KABUPATEN BOLAANG MONGONDOW,0.6870994,1.240.641.419
7102,71,KABUPATEN MINAHASA,12.168.837,1.248.182.593
7103,71,KABUPATEN KEPULAUAN SANGIHE,36.329.172,1.255.000.999
7104,71,KABUPATEN KEPULAUAN TALAUD,43.066.741,1.268.034.921
7105,71,KABUPATEN MINAHASA SELATAN,10.946.773,1.244.641.848
7106,71,KABUPATEN MINAHASA UTARA,15.327.973,124.994.751
7107,71,KABUPATEN BOLAANG MONGONDOW UTARA,0.9070359,1.232.657.311
7108,71,KABUPATEN SIAU TAGULANDANG BIARO,2.345.964,1.254.124.355
7109,71,KABUPATEN MINAHASA TENGGARA,10.278.551,1.247.298.765
7110,71,KABUPATEN BOLAANG MONGONDOW SELATAN,0.4053215,1.238.411.288
7111,71,KABUPATEN BOLAANG MONGONDOW TIMUR,0.7152651,1.244.641.848
7171,71,KOTA MANADO,14.748.305,1.248.420.794
7172,71,KOTA BITUNG,14.403.744,1.251.216.524
7173,71,KOTA TOMOHON,13.229.337,1.248.405.081
7174,71,KOTA KOTAMOBAGU,0.7243733,1.243.199.316
7201,72,KABUPATEN BANGGAI KEPULAUAN,-13.075.939,1.230.338.767
7202,72,KABUPATEN BANGGAI,-0.956178,1.226.277.455
7203,72,KABUPATEN MOROWALI,-26.987.231,1.219.017.954
7204,72,KABUPATEN POSO,-16.468.883,1.204.357.631
7205,72,KABUPATEN DONGGALA,-0.4233155,1.198.352.303
7206,72,KABUPATEN TOLI-TOLI,0.8768231,1.207.579.834
7207,72,KABUPATEN BUOL,0.9695452,1.213.541.631
7208,72,KABUPATEN PARIGI MOUTONG,0.5817607,1.208.039.474
7209,72,KABUPATEN TOJO UNA-UNA,-1.098.757,1.215.370.003
7210,72,KABUPATEN SIGI,-13.859.904,1.198.815.203
7211,72,KABUPATEN BANGGAI LAUT,-16.734.525,1.235.504.076
7212,72,KABUPATEN MOROWALI UTARA,-16.311.761,1.213.541.631
7271,72,KOTA PALU,-0.9002915,1.198.779.987
7301,73,KABUPATEN KEPULAUAN SELAYAR,-62.869.786,1.205.048.792
7302,73,KABUPATEN BULUKUMBA,-54.329.368,1.202.051.096
7303,73,KABUPATEN BANTAENG,-55.169.316,1.200.202.964
7304,73,KABUPATEN JENEPONTO,-5.554.579,1.196.730.939
7305,73,KABUPATEN TAKALAR,-54.162.493,1.194.875.668
7306,73,KABUPATEN GOWA,-53.102.888,119.742.604
7307,73,KABUPATEN SINJAI,-52.171.961,120.112.735
7308,73,KABUPATEN MAROS,-50.549.145,1.196.962.677
7309,73,KABUPATEN PANGKAJENE DAN KEPULAUAN,-4.805.035,1.195.571.677
7310,73,KABUPATEN BARRU,-4.436.417,1.196.499.162
7311,73,KABUPATEN BONE,-47.443.383,1.200.665.236
7312,73,KABUPATEN SOPPENG,-43.518.541,1.199.277.947
7313,73,KABUPATEN WAJO,-4.022.229,1.200.665.236
7314,73,KABUPATEN SIDENRENG RAPPANG,-37.738.981,1.200.202.964
7315,73,KABUPATEN PINRANG,-36.483.486,1.195.571.677
7316,73,KABUPATEN ENREKANG,-34.590.744,1.198.815.203
7317,73,KABUPATEN LUWU,-33.052.214,1.202.512.728
7318,73,KABUPATEN TANA TORAJA,-30.753.003,119.742.604
7322,73,KABUPATEN LUWU UTARA,-22.690.446,1.199.740.534
7325,73,KABUPATEN LUWU TIMUR,-25.825.518,1.211.710.389
7326,73,KABUPATEN TORAJA UTARA,-28.621.942,1.198.352.303
7371,73,KOTA MAKASSAR,-51.476.651,1.194.327.314
7372,73,KOTA PAREPARE,-40.096.221,1.196.290.617
7373,73,KOTA PALOPO,-30.016.343,1.201.985.141
7401,74,KABUPATEN BUTON,-53.096.355,1.229.888.319
7402,74,KABUPATEN MUNA,-4.901.629,1.226.277.455
7403,74,KABUPATEN KONAWE,-39.380.432,1.220.837.445
7404,74,KABUPATEN KOLAKA,-39.946.988,1.215.826.642
7405,74,KABUPATEN KONAWE SELATAN,-42.027.915,1.224.467.238
7406,74,KABUPATEN BOMBANA,-46.543.462,1.219.017.954
7407,74,KABUPATEN WAKATOBI,-56.326.806,1.238.902.463
7408,74,KABUPATEN KOLAKA UTARA,-31.347.227,1.211.710.389
7409,74,KABUPATEN BUTON UTARA,-47.023.424,1.230.338.767
7410,74,KABUPATEN KONAWE UTARA,-33.803.291,1.220.837.445
7411,74,KABUPATEN KOLAKA TIMUR,-42.279.225,1.219.017.954
7412,74,KABUPATEN KONAWE KEPULAUAN,-41.361.465,1.231.239.049
7413,74,KABUPATEN MUNA BARAT,-4.901.629,1.226.277.455
7414,74,KABUPATEN BUTON TENGAH,-52.891.405,122.424.074
7415,74,KABUPATEN BUTON SELATAN,-53.096.355,1.229.888.319
7471,74,KOTA KENDARI,-39.984.597,1.225.129.742
7472,74,KOTA BAUBAU,-5.507.078,122.596.901
7501,75,KABUPATEN BOALEMO,0.7013419,1.222.653.887
7502,75,KABUPATEN GORONTALO,0.5692733,1.228.084.496
7503,75,KABUPATEN POHUWATO,0.7055278,1.217.195.459
7504,75,KABUPATEN BONE BOLANGO,0.5657885,1.233.486.147
7505,75,KABUPATEN GORONTALO UTARA,0.9252647,1.224.920.088
7571,75,KOTA GORONTALO,0.5435442,1.230.567.693
7601,76,KABUPATEN MAJENE,-30.297.251,1.189.062.794
7602,76,KABUPATEN POLEWALI MANDAR,-33.419.323,1.191.390.642
7603,76,KABUPATEN MAMASA,-29.118.209,1.193.250.347
7604,76,KABUPATEN MAMUJU,-24.920.057,1.193.250.347
7605,76,KABUPATEN MAMUJU UTARA,-15.264.542,1.195.107.708
7606,76,KABUPATEN MAMUJU TENGAH,-19.354.109,1.195.107.708
8101,81,KABUPATEN MALUKU TENGGARA BARAT,-75.322.642,1.313.611.121
8102,81,KABUPATEN MALUKU TENGGARA,-57.512.455,1.327.271.587
8103,81,KABUPATEN MALUKU TENGAH,-30.166.501,1.294.864.411
8104,81,KABUPATEN BURU,-33.307.379,1.266.957.216
8105,81,KABUPATEN KEPULAUAN ARU,-62.067.294,1.344.718.394
8106,81,KABUPATEN SERAM BAGIAN BARAT,-31.271.575,1.284.008.357
8107,81,KABUPATEN SERAM BAGIAN TIMUR,-34.233.267,1.302.271.243
8108,81,KABUPATEN MALUKU BARAT DAYA,-77.851.588,1.263.498.097
8109,81,KABUPATEN BURU SELATAN,-37.273.972,1.266.957.216
8171,81,KOTA AMBON,-36.386.665,1.281.688.559
8172,81,KOTA TUAL,-5.626.563,1.327.520.867
8201,82,KABUPATEN HALMAHERA BARAT,13.589.663,1.275.960.704
8202,82,KABUPATEN HALMAHERA TENGAH,0.4419543,1.283.587.174
8203,82,KABUPATEN KEPULAUAN SULA,-18.321.222,125.958.777
8204,82,KABUPATEN HALMAHERA SELATAN,-15.109.015,1.277.237.678
8205,82,KABUPATEN HALMAHERA UTARA,15.074.308,1.278.936.663
8206,82,KABUPATEN HALMAHERA TIMUR,13.121.235,1.284.849.923
8207,82,KABUPATEN PULAU MOROTAI,23.656.672,1.284.008.357
8208,82,KABUPATEN PULAU TALIABU,-18.268.344,1.247.740.793
8271,82,KOTA TERNATE,0.7957999,1.273.613.533
8272,82,KOTA TIDORE KEPULAUAN,0.6740044,1.274.040.871
9101,91,KABUPATEN FAKFAK,-3.097.706,1.330.194.897
9102,91,KABUPATEN KAIMANA,-3.288.406,1.339.436.788
9103,91,KABUPATEN TELUK WONDAMA,-28.551.699,1.343.236.557
9104,91,KABUPATEN TELUK BINTUNI,-19.056.848,133.329.466
9105,91,KABUPATEN MANOKWARI,-0.8614531,1.340.620.421
9106,91,KABUPATEN SORONG SELATAN,-17.657.744,1.321.572.702
9107,91,KABUPATEN SORONG,-11.223.204,1.314.883.373
9108,91,KABUPATEN RAJA AMPAT,-10.915.151,1.308.778.586
9109,91,KABUPATEN TAMBRAUW,-0.781856,1.323.938.375
9110,91,KABUPATEN MAYBRAT,-12.970.979,1.323.150.993
9111,91,KABUPATEN MANOKWARI SELATAN,-0.9135107,1.340.008.674
9112,91,KABUPATEN PEGUNUNGAN ARFAK,-11.554.562,1.337.142.484
9171,91,KOTA SORONG,-0.8761629,131.255.828
9401,94,KABUPATEN MERAUKE,-77.838.334,139.041.312
9402,94,KABUPATEN JAYAWIJAYA,-40.004.481,1.387.995.122
9403,94,KABUPATEN JAYAPURA,-2.987.923,1.398.547.266
9404,94,KABUPATEN NABIRE,-35.095.462,1.357.520.985
9408,94,KABUPATEN KEPULAUAN YAPEN,-17.469.359,1.361.709.012
9409,94,KABUPATEN BIAK NUMFOR,-10.381.022,1.359.800.848
9410,94,KABUPATEN PANIAI,-37.876.441,1.363.624.686
9411,94,KABUPATEN PUNCAK JAYA,-34.467.891,1.378.427.298
9412,94,KABUPATEN MIMIKA,-44.553.223,1.371.362.125
9413,94,KABUPATEN BOVEN DIGOEL,-57.400.018,1.403.481.835
9414,94,KABUPATEN MAPPI,-67.606.468,1.396.911.374
9415,94,KABUPATEN ASMAT,-50.573.958,1.383.988.186
9416,94,KABUPATEN YAHUKIMO,-44.939.717,1.395.279.996
9417,94,KABUPATEN PEGUNUNGAN BINTANG,-45.589.872,1.405.135.589
9418,94,KABUPATEN TOLIKARA,-3.481.132,1.384.787.258
9419,94,KABUPATEN SARMI,-24.678.144,1.392.030.851
9420,94,KABUPATEN KEEROM,-33.449.536,1.407.624.493
9426,94,KABUPATEN WAROPEN,-28.435.717,136.670.534
9427,94,KABUPATEN SUPIORI,-0.7295099,1.356.385.125
9428,94,KABUPATEN MAMBERAMO RAYA,-25.331.255,1.377.637.565
9429,94,KABUPATEN NDUGA,-44.069.496,1.382.393.528
9430,94,KABUPATEN LANNY JAYA,-3.971.033,1.383.190.276
9431,94,KABUPATEN MAMBERAMO TENGAH,-23.745.692,1.383.190.276
9432,94,KABUPATEN YALIMO,-37.852.847,1.394.466.005
9433,94,KABUPATEN PUNCAK,-38.649.098,1.376.061.625
9434,94,KABUPATEN DOGIYAI,-40.454.139,1.356.763.443
9435,94,KABUPATEN INTAN JAYA,-35.076.422,1.367.478.493
9436,94,KABUPATEN DEIYAI,-40.974.893,1.364.393.054
9471,94,KOTA JAYAPURA,-25.916.025,1.406.689.995
